Appleton East,1493,https://schools.wiaawi.org/Directory/Schedule/Index?TeamID=66617
Appleton North,1664,https://schools.wiaawi.org/Directory/Schedule/Index?TeamID=66618
Appleton West,1434,https://schools.wiaawi.org/Directory/Schedule/Index?TeamID=66619
Arrowhead,2076,https://schools.wiaawi.org/Directory/Schedule/Index?TeamID=66620
Badger,1320,https://schools.wiaawi.org/Directory/Schedule/Index?TeamID=66621
Bay Port,1915,https://schools.wiaawi.org/Directory/Schedule/Index?TeamID=66622
Beloit Memorial,1578,https://schools.wiaawi.org/Directory/Schedule/Index?TeamID=66623
Brookfield Central,1270,https://schools.wiaawi.org/Directory/Schedule/Index?TeamID=66624
Brookfield East,1362,https://schools.wiaawi.org/Directory/Schedule/Index?TeamID=66625
Chippewa Falls,1454,https://schools.wiaawi.org/Directory/Schedule/Index?TeamID=66626
De Pere,1457,https://schools.wiaawi.org/Directory/Schedule/Index?TeamID=66628
Eau Claire Memorial,1589,https://schools.wiaawi.org/Directory/Schedule/Index?TeamID=66630
Eau Claire North,1720,https://schools.wiaawi.org/Directory/Schedule/Index?TeamID=66631
Fond du Lac,2038,https://schools.wiaawi.org/Directory/Schedule/Index?TeamID=66632
Franklin,1570,https://schools.wiaawi.org/Directory/Schedule/Index?TeamID=66633
Germantown,1295,https://schools.wiaawi.org/Directory/Schedule/Index?TeamID=66634
Green Bay East,1207,https://schools.wiaawi.org/Directory/Schedule/Index?TeamID=66635
Green Bay Preble,2235,https://schools.wiaawi.org/Directory/Schedule/Index?TeamID=66636
Greenfield,1163,https://schools.wiaawi.org/Directory/Schedule/Index?TeamID=66637
Hamilton,1551,https://schools.wiaawi.org/Directory/Schedule/Index?TeamID=66638
Hartford,1281,https://schools.wiaawi.org/Directory/Schedule/Index?TeamID=66639
Homestead,1261,https://schools.wiaawi.org/Directory/Schedule/Index?TeamID=66640
Hudson,1800,https://schools.wiaawi.org/Directory/Schedule/Index?TeamID=66641
Janesville Craig,1684,https://schools.wiaawi.org/Directory/Schedule/Index?TeamID=66642
Janesville Parker,1429,https://schools.wiaawi.org/Directory/Schedule/Index?TeamID=66643
Kenosha Bradford,1765,https://schools.wiaawi.org/Directory/Schedule/Index?TeamID=66644
Kenosha Indian Trail,2245,https://schools.wiaawi.org/Directory/Schedule/Index?TeamID=66645
Kenosha Tremper,1835,https://schools.wiaawi.org/Directory/Schedule/Index?TeamID=66646
Kettle Moraine,1251,https://schools.wiaawi.org/Directory/Schedule/Index?TeamID=66647
Kimberly,1595,https://schools.wiaawi.org/Directory/Schedule/Index?TeamID=66648
Madison East,1662,https://schools.wiaawi.org/Directory/Schedule/Index?TeamID=66649
Madison Memorial,2122,https://schools.wiaawi.org/Directory/Schedule/Index?TeamID=66651
Madison West,2226,https://schools.wiaawi.org/Directory/Schedule/Index?TeamID=66652
Manitowoc Lincoln,1573,https://schools.wiaawi.org/Directory/Schedule/Index?TeamID=66653
Marshfield,1250,https://schools.wiaawi.org/Directory/Schedule/Index?TeamID=66654
Menomonee Falls,1292,https://schools.wiaawi.org/Directory/Schedule/Index?TeamID=66655
Middleton,2357,https://schools.wiaawi.org/Directory/Schedule/Index?TeamID=66656
Milwaukee King,1284,https://schools.wiaawi.org/Directory/Schedule/Index?TeamID=66657
Milwaukee South,1109,https://schools.wiaawi.org/Directory/Schedule/Index?TeamID=66660
Milwaukee Vincent,973,https://schools.wiaawi.org/Directory/Schedule/Index?TeamID=66661
Mukwonago,1619,https://schools.wiaawi.org/Directory/Schedule/Index?TeamID=66662
Muskego,1683,https://schools.wiaawi.org/Directory/Schedule/Index?TeamID=66663
Neenah,1979,https://schools.wiaawi.org/Directory/Schedule/Index?TeamID=66664
Oak Creek,2170,https://schools.wiaawi.org/Directory/Schedule/Index?TeamID=66665
Oconomowoc,1657,https://schools.wiaawi.org/Directory/Schedule/Index?TeamID=66666
Oshkosh North,1231,https://schools.wiaawi.org/Directory/Schedule/Index?TeamID=66667
Oshkosh West,1627,https://schools.wiaawi.org/Directory/Schedule/Index?TeamID=66668
Racine Case,1892,https://schools.wiaawi.org/Directory/Schedule/Index?TeamID=66669
Racine Horlick,1360,https://schools.wiaawi.org/Directory/Schedule/Index?TeamID=66670
Racine Park,1059,https://schools.wiaawi.org/Directory/Schedule/Index?TeamID=66671
Sheboygan North,1716,https://schools.wiaawi.org/Directory/Schedule/Index?TeamID=66672
Sheboygan South,1332,https://schools.wiaawi.org/Directory/Schedule/Index?TeamID=66673
Stevens Point,2105,https://schools.wiaawi.org/Directory/Schedule/Index?TeamID=66674
Sun Prairie East,1329,https://schools.wiaawi.org/Directory/Schedule/Index?TeamID=66675
Superior,1308,https://schools.wiaawi.org/Directory/Schedule/Index?TeamID=66676
Verona,1801,https://schools.wiaawi.org/Directory/Schedule/Index?TeamID=66677
Watertown,1170,https://schools.wiaawi.org/Directory/Schedule/Index?TeamID=66678
Waukesha South,1179,https://schools.wiaawi.org/Directory/Schedule/Index?TeamID=66679
Waukesha West,1194,https://schools.wiaawi.org/Directory/Schedule/Index?TeamID=66680
Wausau West,1535,https://schools.wiaawi.org/Directory/Schedule/Index?TeamID=66681
West Allis Central,1126,https://schools.wiaawi.org/Directory/Schedule/Index?TeamID=66682
West Allis Hale,1373,https://schools.wiaawi.org/Directory/Schedule/Index?TeamID=66683
Antigo,687,https://schools.wiaawi.org/Directory/Schedule/Index?TeamID=66685
Ashland,635,https://schools.wiaawi.org/Directory/Schedule/Index?TeamID=66686
Ashwaubenon,989,https://schools.wiaawi.org/Directory/Schedule/Index?TeamID=66687
Baraboo,919,https://schools.wiaawi.org/Directory/Schedule/Index?TeamID=66688
Beaver Dam,1124,https://schools.wiaawi.org/Directory/Schedule/Index?TeamID=66689
Brown Deer,579,https://schools.wiaawi.org/Directory/Schedule/Index?TeamID=66690
Burlington,1001,https://schools.wiaawi.org/Directory/Schedule/Index?TeamID=66691
Catholic Memorial,576,https://schools.wiaawi.org/Directory/Schedule/Index?TeamID=66692
Cedarburg,1087,https://schools.wiaawi.org/Directory/Schedule/Index?TeamID=66693
Cudahy,677,https://schools.wiaawi.org/Directory/Schedule/Index?TeamID=66694
DeForest,1093,https://schools.wiaawi.org/Directory/Schedule/Index?TeamID=66695
Delavan-Darien,628,https://schools.wiaawi.org/Directory/Schedule/Index?TeamID=66696
Elkhorn,1142,https://schools.wiaawi.org/Directory/Schedule/Index?TeamID=66697
Fort Atkinson,964,https://schools.wiaawi.org/Directory/Schedule/Index?TeamID=66698
Grafton,713,https://schools.wiaawi.org/Directory/Schedule/Index?TeamID=66699
Green Bay Southwest,1145,https://schools.wiaawi.org/Directory/Schedule/Index?TeamID=66700
Greendale,931,https://schools.wiaawi.org/Directory/Schedule/Index?TeamID=66702
Holmen,1215,https://schools.wiaawi.org/Directory/Schedule/Index?TeamID=66703
Hortonville,1232,https://schools.wiaawi.org/Directory/Schedule/Index?TeamID=66704
Jefferson,604,https://schools.wiaawi.org/Directory/Schedule/Index?TeamID=66705
Kaukauna,1253,https://schools.wiaawi.org/Directory/Schedule/Index?TeamID=66706
Kewaskum,572,https://schools.wiaawi.org/Directory/Schedule/Index?TeamID=66707
La Crosse Central,1029,https://schools.wiaawi.org/Directory/Schedule/Index?TeamID=66708
La Crosse Logan,738,https://schools.wiaawi.org/Directory/Schedule/Index?TeamID=66709
Lakeland,717,https://schools.wiaawi.org/Directory/Schedule/Index?TeamID=66710
Luxemburg-Casco,610,https://schools.wiaawi.org/Directory/Schedule/Index?TeamID=66711
Marinette,623,https://schools.wiaawi.org/Directory/Schedule/Index?TeamID=66712
McFarland,774,https://schools.wiaawi.org/Directory/Schedule/Index?TeamID=66713
Medford,738,https://schools.wiaawi.org/Directory/Schedule/Index?TeamID=66714
Menasha,966,https://schools.wiaawi.org/Directory/Schedule/Index?TeamID=66715
Menomonie,1022,https://schools.wiaawi.org/Directory/Schedule/Index?TeamID=66716
Merrill,801,https://schools.wiaawi.org/Directory/Schedule/Index?TeamID=66717
Messmer,499,https://schools.wiaawi.org/Directory/Schedule/Index?TeamID=66718
Milton,1059,https://schools.wiaawi.org/Directory/Schedule/Index?TeamID=66719
Milwaukee Lutheran,908,https://schools.wiaawi.org/Directory/Schedule/Index?TeamID=66720
Milwaukee Madison,713,https://schools.wiaawi.org/Directory/Schedule/Index?TeamID=66721
Monona Grove,1127,https://schools.wiaawi.org/Directory/Schedule/Index?TeamID=66723
Monroe,742,https://schools.wiaawi.org/Directory/Schedule/Index?TeamID=66724
Mosinee,621,https://schools.wiaawi.org/Directory/Schedule/Index?TeamID=66725
Mount Horeb,792,https://schools.wiaawi.org/Directory/Schedule/Index?TeamID=66726
New Berlin West,699,https://schools.wiaawi.org/Directory/Schedule/Index?TeamID=66728
New London,712,https://schools.wiaawi.org/Directory/Schedule/Index?TeamID=66729
New Richmond,1112,https://schools.wiaawi.org/Directory/Schedule/Index?TeamID=66730
Nicolet,1086,https://schools.wiaawi.org/Directory/Schedule/Index?TeamID=66731
Notre Dame,727,https://schools.wiaawi.org/Directory/Schedule/Index?TeamID=66732
Onalaska,923,https://schools.wiaawi.org/Directory/Schedule/Index?TeamID=66733
Oregon,1248,https://schools.wiaawi.org/Directory/Schedule/Index?TeamID=66734
Pewaukee,874,https://schools.wiaawi.org/Directory/Schedule/Index?TeamID=66735
Pius XI Catholic,699,https://schools.wiaawi.org/Directory/Schedule/Index?TeamID=66736
Plymouth,746,https://schools.wiaawi.org/Directory/Schedule/Index?TeamID=66737
Port Washington,815,https://schools.wiaawi.org/Directory/Schedule/Index?TeamID=66738
Portage,705,https://schools.wiaawi.org/Directory/Schedule/Index?TeamID=66739
Pulaski,1141,https://schools.wiaawi.org/Directory/Schedule/Index?TeamID=66740
Reedsburg,897,https://schools.wiaawi.org/Directory/Schedule/Index?TeamID=66741
Rhinelander,747,https://schools.wiaawi.org/Directory/Schedule/Index?TeamID=66742
Rice Lake,714,https://schools.wiaawi.org/Directory/Schedule/Index?TeamID=66743
River Falls,1114,https://schools.wiaawi.org/Directory/Schedule/Index?TeamID=66744
Saint Anthony,555,https://schools.wiaawi.org/Directory/Schedule/Index?TeamID=66745
Sauk Prairie,858,https://schools.wiaawi.org/Directory/Schedule/Index?TeamID=66746
Seymour,655,https://schools.wiaawi.org/Directory/Schedule/Index?TeamID=66747
Shawano,797,https://schools.wiaawi.org/Directory/Schedule/Index?TeamID=66748
Shorewood,662,https://schools.wiaawi.org/Directory/Schedule/Index?TeamID=66749
Slinger,1052,https://schools.wiaawi.org/Directory/Schedule/Index?TeamID=66750
South Milwaukee,1002,https://schools.wiaawi.org/Directory/Schedule/Index?TeamID=66751
Sparta,909,https://schools.wiaawi.org/Directory/Schedule/Index?TeamID=66752
Stoughton,868,https://schools.wiaawi.org/Directory/Schedule/Index?TeamID=66753
Tomah,919,https://schools.wiaawi.org/Directory/Schedule/Index?TeamID=66754
Union Grove,1049,https://schools.wiaawi.org/Directory/Schedule/Index?TeamID=66755
Waterford,958,https://schools.wiaawi.org/Directory/Schedule/Index?TeamID=66756
Waunakee,1309,https://schools.wiaawi.org/Directory/Schedule/Index?TeamID=66758
Waupaca,589,https://schools.wiaawi.org/Directory/Schedule/Index?TeamID=66759
Wausau East,948,https://schools.wiaawi.org/Directory/Schedule/Index?TeamID=66760
Wauwatosa East,1047,https://schools.wiaawi.org/Directory/Schedule/Index?TeamID=66761
Wauwatosa West,1028,https://schools.wiaawi.org/Directory/Schedule/Index?TeamID=66762
West Bend West,1077,https://schools.wiaawi.org/Directory/Schedule/Index?TeamID=66764
West De Pere,1087,https://schools.wiaawi.org/Directory/Schedule/Index?TeamID=66765
Westosha Central,1220,https://schools.wiaawi.org/Directory/Schedule/Index?TeamID=66766
Whitefish Bay,944,https://schools.wiaawi.org/Directory/Schedule/Index?TeamID=66767
Whitnall,826,https://schools.wiaawi.org/Directory/Schedule/Index?TeamID=66768
Wilmot,951,https://schools.wiaawi.org/Directory/Schedule/Index?TeamID=66769
Wisconsin Lutheran,938,https://schools.wiaawi.org/Directory/Schedule/Index?TeamID=66770
Adams-Friendship,432,https://schools.wiaawi.org/Directory/Schedule/Index?TeamID=66771
Altoona,560,https://schools.wiaawi.org/Directory/Schedule/Index?TeamID=66772
Amery,467,https://schools.wiaawi.org/Directory/Schedule/Index?TeamID=66773
Amherst,344,https://schools.wiaawi.org/Directory/Schedule/Index?TeamID=66774
Arcadia,417,https://schools.wiaawi.org/Directory/Schedule/Index?TeamID=66775
Baldwin-Woodville,506,https://schools.wiaawi.org/Directory/Schedule/Index?TeamID=66776
Barron,331,https://schools.wiaawi.org/Directory/Schedule/Index?TeamID=66777
Berlin,474,https://schools.wiaawi.org/Directory/Schedule/Index?TeamID=66778
Big Foot,449,https://schools.wiaawi.org/Directory/Schedule/Index?TeamID=66779
Black River Falls,481,https://schools.wiaawi.org/Directory/Schedule/Index?TeamID=66780
Bloomer,429,https://schools.wiaawi.org/Directory/Schedule/Index?TeamID=66781
Brillion,342,https://schools.wiaawi.org/Directory/Schedule/Index?TeamID=66782
Brodhead,315,https://schools.wiaawi.org/Directory/Schedule/Index?TeamID=66783
Brookfield Academy,334,https://schools.wiaawi.org/Directory/Schedule/Index?TeamID=66784
Campbellsport,470,https://schools.wiaawi.org/Directory/Schedule/Index?TeamID=66785
Carmen Northwest,382,https://schools.wiaawi.org/Directory/Schedule/Index?TeamID=66786
Cedar Grove-Belgium,291,https://schools.wiaawi.org/Directory/Schedule/Index?TeamID=66787
Chilton,401,https://schools.wiaawi.org/Directory/Schedule/Index?TeamID=66788
Clinton,359,https://schools.wiaawi.org/Directory/Schedule/Index?TeamID=66789
Clintonville,412,https://schools.wiaawi.org/Directory/Schedule/Index?TeamID=66790
Columbus,390,https://schools.wiaawi.org/Directory/Schedule/Index?TeamID=66791
Denmark,488,https://schools.wiaawi.org/Directory/Schedule/Index?TeamID=66792
Dodgeville,375,https://schools.wiaawi.org/Directory/Schedule/Index?TeamID=66793
Dominican,324,https://schools.wiaawi.org/Directory/Schedule/Index?TeamID=66794
East Troy,504,https://schools.wiaawi.org/Directory/Schedule/Index?TeamID=66795
Edgerton,537,https://schools.wiaawi.org/Directory/Schedule/Index?TeamID=66796
Edgewood,569,https://schools.wiaawi.org/Directory/Schedule/Index?TeamID=66797
Elk Mound,344,https://schools.wiaawi.org/Directory/Schedule/Index?TeamID=66798
Ellsworth,518,https://schools.wiaawi.org/Directory/Schedule/Index?TeamID=66799
Evansville,507,https://schools.wiaawi.org/Directory/Schedule/Index?TeamID=66800
Fox Valley Lutheran,742,https://schools.wiaawi.org/Directory/Schedule/Index?TeamID=66801
Freedom,504,https://schools.wiaawi.org/Directory/Schedule/Index?TeamID=66802
Hayward,604,https://schools.wiaawi.org/Directory/Schedule/Index?TeamID=66804
Kewaunee,298,https://schools.wiaawi.org/Directory/Schedule/Index?TeamID=66806
Kiel,453,https://schools.wiaawi.org/Directory/Schedule/Index?TeamID=66807
Lake Mills,491,https://schools.wiaawi.org/Directory/Schedule/Index?TeamID=66808
Lakeside Lutheran,506,https://schools.wiaawi.org/Directory/Schedule/Index?TeamID=66809
Little Chute,514,https://schools.wiaawi.org/Directory/Schedule/Index?TeamID=66810
Lodi,451,https://schools.wiaawi.org/Directory/Schedule/Index?TeamID=66811
Lomira,323,https://schools.wiaawi.org/Directory/Schedule/Index?TeamID=66812
Marshall,292,https://schools.wiaawi.org/Directory/Schedule/Index?TeamID=66813
Martin Luther,649,https://schools.wiaawi.org/Directory/Schedule/Index?TeamID=66814
Mauston,474,https://schools.wiaawi.org/Directory/Schedule/Index?TeamID=66815
Mayville,375,https://schools.wiaawi.org/Directory/Schedule/Index?TeamID=66816
Nekoosa,295,https://schools.wiaawi.org/Directory/Schedule/Index?TeamID=66818
New Holstein,319,https://schools.wiaawi.org/Directory/Schedule/Index?TeamID=66819
North Fond du Lac,466,https://schools.wiaawi.org/Directory/Schedule/Index?TeamID=66820
Northland Pines,451,https://schools.wiaawi.org/Directory/Schedule/Index?TeamID=66821
Northwestern,400,https://schools.wiaawi.org/Directory/Schedule/Index?TeamID=66822
Obama SCTE,756,https://schools.wiaawi.org/Directory/Schedule/Index?TeamID=66823
Oconto,282,https://schools.wiaawi.org/Directory/Schedule/Index?TeamID=66824
Oconto Falls,521,https://schools.wiaawi.org/Directory/Schedule/Index?TeamID=66825
Omro,333,https://schools.wiaawi.org/Directory/Schedule/Index?TeamID=66826
Oostburg,331,https://schools.wiaawi.org/Directory/Schedule/Index?TeamID=66827
Osceola,552,https://schools.wiaawi.org/Directory/Schedule/Index?TeamID=66828
Palmyra-Eagle,195,https://schools.wiaawi.org/Directory/Schedule/Index?TeamID=66829
Peshtigo,339,https://schools.wiaawi.org/Directory/Schedule/Index?TeamID=66830
Platteville,513,https://schools.wiaawi.org/Directory/Schedule/Index?TeamID=66831
Poynette,310,https://schools.wiaawi.org/Directory/Schedule/Index?TeamID=66832
Prairie du Chien,343,https://schools.wiaawi.org/Directory/Schedule/Index?TeamID=66833
Prescott,431,https://schools.wiaawi.org/Directory/Schedule/Index?TeamID=66834
Richland Center,418,https://schools.wiaawi.org/Directory/Schedule/Index?TeamID=66836
Ripon,484,https://schools.wiaawi.org/Directory/Schedule/Index?TeamID=66837
River Valley,389,https://schools.wiaawi.org/Directory/Schedule/Index?TeamID=66838
St. Croix Central,514,https://schools.wiaawi.org/Directory/Schedule/Index?TeamID=66839
Saint Francis,522,https://schools.wiaawi.org/Directory/Schedule/Index?TeamID=66840
Saint Thomas More,547,https://schools.wiaawi.org/Directory/Schedule/Index?TeamID=66841
Sheboygan Falls,513,https://schools.wiaawi.org/Directory/Schedule/Index?TeamID=66842
Somerset,470,https://schools.wiaawi.org/Directory/Schedule/Index?TeamID=66843
Southern Door,323,https://schools.wiaawi.org/Directory/Schedule/Index?TeamID=66844
Spooner,365,https://schools.wiaawi.org/Directory/Schedule/Index?TeamID=66845
Sturgeon Bay,394,https://schools.wiaawi.org/Directory/Schedule/Index?TeamID=66846
Tomahawk,371,https://schools.wiaawi.org/Directory/Schedule/Index?TeamID=66847
Two Rivers,480,https://schools.wiaawi.org/Directory/Schedule/Index?TeamID=66848
Turner,460,https://schools.wiaawi.org/Directory/Schedule/Index?TeamID=66849
Valders,298,https://schools.wiaawi.org/Directory/Schedule/Index?TeamID=66851
Viroqua,339,https://schools.wiaawi.org/Directory/Schedule/Index?TeamID=66852
Waupun,573,https://schools.wiaawi.org/Directory/Schedule/Index?TeamID=66854
Wautoma,381,https://schools.wiaawi.org/Directory/Schedule/Index?TeamID=66855
West Salem,607,https://schools.wiaawi.org/Directory/Schedule/Index?TeamID=66856
Westby,305,https://schools.wiaawi.org/Directory/Schedule/Index?TeamID=66857
Westfield,295,https://schools.wiaawi.org/Directory/Schedule/Index?TeamID=66858
Whitewater,606,https://schools.wiaawi.org/Directory/Schedule/Index?TeamID=66859
Winneconne,551,https://schools.wiaawi.org/Directory/Schedule/Index?TeamID=66860
Wisconsin Dells,596,https://schools.wiaawi.org/Directory/Schedule/Index?TeamID=66861
Wrightstown,402,https://schools.wiaawi.org/Directory/Schedule/Index?TeamID=66862
Xavier,468,https://schools.wiaawi.org/Directory/Schedule/Index?TeamID=66863
Abbotsford,244,https://schools.wiaawi.org/Directory/Schedule/Index?TeamID=66864
Algoma,219,https://schools.wiaawi.org/Directory/Schedule/Index?TeamID=66865
Aquinas,307,https://schools.wiaawi.org/Directory/Schedule/Index?TeamID=66866
Athens,127,https://schools.wiaawi.org/Directory/Schedule/Index?TeamID=66867
Auburndale,229,https://schools.wiaawi.org/Directory/Schedule/Index?TeamID=66868
Belleville,279,https://schools.wiaawi.org/Directory/Schedule/Index?TeamID=66869
Bonduel,262,https://schools.wiaawi.org/Directory/Schedule/Index?TeamID=66870
Boscobel,212,https://schools.wiaawi.org/Directory/Schedule/Index?TeamID=66871
Boyceville,212,https://schools.wiaawi.org/Directory/Schedule/Index?TeamID=66872
Brookwood,175,https://schools.wiaawi.org/Directory/Schedule/Index?TeamID=66873
Cadott,260,https://schools.wiaawi.org/Directory/Schedule/Index?TeamID=66874
Cambridge,266,https://schools.wiaawi.org/Directory/Schedule/Index?TeamID=66875
Cameron,284,https://schools.wiaawi.org/Directory/Schedule/Index?TeamID=66876
Chequamegon,241,https://schools.wiaawi.org/Directory/Schedule/Index?TeamID=66877
Chetek-Weyerhaeuser,247,https://schools.wiaawi.org/Directory/Schedule/Index?TeamID=66878
Colby,309,https://schools.wiaawi.org/Directory/Schedule/Index?TeamID=66880
Coleman,229,https://schools.wiaawi.org/Directory/Schedule/Index?TeamID=66881
Colfax,224,https://schools.wiaawi.org/Directory/Schedule/Index?TeamID=66882
Crandon,239,https://schools.wiaawi.org/Directory/Schedule/Index?TeamID=66883
Crivitz,215,https://schools.wiaawi.org/Directory/Schedule/Index?TeamID=66884
Cuba City,273,https://schools.wiaawi.org/Directory/Schedule/Index?TeamID=66885
Cumberland,300,https://schools.wiaawi.org/Directory/Schedule/Index?TeamID=66886
Darlington,280,https://schools.wiaawi.org/Directory/Schedule/Index?TeamID=66887
Deerfield,216,https://schools.wiaawi.org/Directory/Schedule/Index?TeamID=66888
Destiny,247,https://schools.wiaawi.org/Directory/Schedule/Index?TeamID=66889
Dodgeland,278,https://schools.wiaawi.org/Directory/Schedule/Index?TeamID=66890
Edgar,201,https://schools.wiaawi.org/Directory/Schedule/Index?TeamID=66892
Fall Creek,243,https://schools.wiaawi.org/Directory/Schedule/Index?TeamID=66893
Fennimore,223,https://schools.wiaawi.org/Directory/Schedule/Index?TeamID=66894
Gibraltar,182,https://schools.wiaawi.org/Directory/Schedule/Index?TeamID=66895
Glenwood City,195,https://schools.wiaawi.org/Directory/Schedule/Index?TeamID=66896
Golda Meir,594,https://schools.wiaawi.org/Directory/Schedule/Index?TeamID=66897
Grantsburg,255,https://schools.wiaawi.org/Directory/Schedule/Index?TeamID=66898
Horicon,275,https://schools.wiaawi.org/Directory/Schedule/Index?TeamID=66899
Howards Grove,283,https://schools.wiaawi.org/Directory/Schedule/Index?TeamID=66900
Iola-Scandinavia,197,https://schools.wiaawi.org/Directory/Schedule/Index?TeamID=66901
Iowa-Grant,204,https://schools.wiaawi.org/Directory/Schedule/Index?TeamID=66902
Kohler,223,https://schools.wiaawi.org/Directory/Schedule/Index?TeamID=66905
Laconia,317,https://schools.wiaawi.org/Directory/Schedule/Index?TeamID=66906
Ladysmith,246,https://schools.wiaawi.org/Directory/Schedule/Index?TeamID=66907
Lancaster,295,https://schools.wiaawi.org/Directory/Schedule/Index?TeamID=66909
Luther,228,https://schools.wiaawi.org/Directory/Schedule/Index?TeamID=66911
Manawa,215,https://schools.wiaawi.org/Directory/Schedule/Index?TeamID=66912
Manitowoc Lutheran,227,https://schools.wiaawi.org/Directory/Schedule/Index?TeamID=66913
Marathon,260,https://schools.wiaawi.org/Directory/Schedule/Index?TeamID=66914
Markesan,254,https://schools.wiaawi.org/Directory/Schedule/Index?TeamID=66915
Melrose-Mindoro,223,https://schools.wiaawi.org/Directory/Schedule/Index?TeamID=66916
Menominee Indian,349,https://schools.wiaawi.org/Directory/Schedule/Index?TeamID=66917
Mineral Point,245,https://schools.wiaawi.org/Directory/Schedule/Index?TeamID=66918
Mishicot,280,https://schools.wiaawi.org/Directory/Schedule/Index?TeamID=66919
Mondovi,250,https://schools.wiaawi.org/Directory/Schedule/Index?TeamID=66920
Montello,251,https://schools.wiaawi.org/Directory/Schedule/Index?TeamID=66921
Necedah,213,https://schools.wiaawi.org/Directory/Schedule/Index?TeamID=66922
Neillsville,269,https://schools.wiaawi.org/Directory/Schedule/Index?TeamID=66923
New Glarus,323,https://schools.wiaawi.org/Directory/Schedule/Index?TeamID=66924
Osseo-Fairchild,255,https://schools.wiaawi.org/Directory/Schedule/Index?TeamID=66925
Ozaukee,188,https://schools.wiaawi.org/Directory/Schedule/Index?TeamID=66926
Pacelli,169,https://schools.wiaawi.org/Directory/Schedule/Index?TeamID=66927
Pardeeville,263,https://schools.wiaawi.org/Directory/Schedule/Index?TeamID=66928
Parkview,238,https://schools.wiaawi.org/Directory/Schedule/Index?TeamID=66929
Phillips,217,https://schools.wiaawi.org/Directory/Schedule/Index?TeamID=66930
Racine Lutheran,303,https://schools.wiaawi.org/Directory/Schedule/Index?TeamID=66931
Random Lake,244,https://schools.wiaawi.org/Directory/Schedule/Index?TeamID=66932
Reedsville,192,https://schools.wiaawi.org/Directory/Schedule/Index?TeamID=66933
Regis,210,https://schools.wiaawi.org/Directory/Schedule/Index?TeamID=66934
Roncalli,223,https://schools.wiaawi.org/Directory/Schedule/Index?TeamID=66935
St. Croix Falls,345,https://schools.wiaawi.org/Directory/Schedule/Index?TeamID=66936
Saint Mary Catholic,277,https://schools.wiaawi.org/Directory/Schedule/Index?TeamID=66937
St. Mary's Springs,263,https://schools.wiaawi.org/Directory/Schedule/Index?TeamID=66938
Shiocton,221,https://schools.wiaawi.org/Directory/Schedule/Index?TeamID=66939
Shoreland Lutheran,384,https://schools.wiaawi.org/Directory/Schedule/Index?TeamID=66940
Spencer,220,https://schools.wiaawi.org/Directory/Schedule/Index?TeamID=66941
Spring Valley,198,https://schools.wiaawi.org/Directory/Schedule/Index?TeamID=66942
Stanley-Boyd,337,https://schools.wiaawi.org/Directory/Schedule/Index?TeamID=66943
Stratford,272,https://schools.wiaawi.org/Directory/Schedule/Index?TeamID=66944
The Prairie School,226,https://schools.wiaawi.org/Directory/Schedule/Index?TeamID=66945
Unity,295,https://schools.wiaawi.org/Directory/Schedule/Index?TeamID=66946
Washburn,198,https://schools.wiaawi.org/Directory/Schedule/Index?TeamID=66947
Waterloo,259,https://schools.wiaawi.org/Directory/Schedule/Index?TeamID=66948
Wayland Academy,159,https://schools.wiaawi.org/Directory/Schedule/Index?TeamID=66949
Weyauwega-Fremont,291,https://schools.wiaawi.org/Directory/Schedule/Index?TeamID=66950
Whitehall,216,https://schools.wiaawi.org/Directory/Schedule/Index?TeamID=66951
Wisconsin Heights,228,https://schools.wiaawi.org/Directory/Schedule/Index?TeamID=66953
Albany/Monticello,178,https://schools.wiaawi.org/Directory/Schedule/Index?TeamID=66955
Almond-Bancroft,109,https://schools.wiaawi.org/Directory/Schedule/Index?TeamID=66956
Assumption,139,https://schools.wiaawi.org/Directory/Schedule/Index?TeamID=66958
Augusta,226,https://schools.wiaawi.org/Directory/Schedule/Index?TeamID=66959
Bangor,203,https://schools.wiaawi.org/Directory/Schedule/Index?TeamID=66960
Barneveld,128,https://schools.wiaawi.org/Directory/Schedule/Index?TeamID=66961
Bayfield,116,https://schools.wiaawi.org/Directory/Schedule/Index?TeamID=66962
Belmont,121,https://schools.wiaawi.org/Directory/Schedule/Index?TeamID=66963
Benton,65,https://schools.wiaawi.org/Directory/Schedule/Index?TeamID=66964
Birchwood,67,https://schools.wiaawi.org/Directory/Schedule/Index?TeamID=66965
Black Hawk,109,https://schools.wiaawi.org/Directory/Schedule/Index?TeamID=66966
Blair-Taylor,193,https://schools.wiaawi.org/Directory/Schedule/Index?TeamID=66967
Bowler,100,https://schools.wiaawi.org/Directory/Schedule/Index?TeamID=66968
Bruce,131,https://schools.wiaawi.org/Directory/Schedule/Index?TeamID=66969
Butternut,57,https://schools.wiaawi.org/Directory/Schedule/Index?TeamID=66970
Cambria-Friesland,100,https://schools.wiaawi.org/Directory/Schedule/Index?TeamID=66971
Cashton,191,https://schools.wiaawi.org/Directory/Schedule/Index?TeamID=66972
Catholic Central,128,https://schools.wiaawi.org/Directory/Schedule/Index?TeamID=66973
Central WI Christian,119,https://schools.wiaawi.org/Directory/Schedule/Index?TeamID=66974
Clayton,93,https://schools.wiaawi.org/Directory/Schedule/Index?TeamID=66975
Clear Lake,181,https://schools.wiaawi.org/Directory/Schedule/Index?TeamID=66976
Columbus Catholic,146,https://schools.wiaawi.org/Directory/Schedule/Index?TeamID=66977
Cornell,111,https://schools.wiaawi.org/Directory/Schedule/Index?TeamID=66978
De Soto,127,https://schools.wiaawi.org/Directory/Schedule/Index?TeamID=66979
Drummond,108,https://schools.wiaawi.org/Directory/Schedule/Index?TeamID=66980
Elcho,83,https://schools.wiaawi.org/Directory/Schedule/Index?TeamID=66982
Eleva-Strum,187,https://schools.wiaawi.org/Directory/Schedule/Index?TeamID=66983
Fall River,157,https://schools.wiaawi.org/Directory/Schedule/Index?TeamID=66986
Flambeau,145,https://schools.wiaawi.org/Directory/Schedule/Index?TeamID=66987
Florence,118,https://schools.wiaawi.org/Directory/Schedule/Index?TeamID=66988
Frederic,116,https://schools.wiaawi.org/Directory/Schedule/Index?TeamID=66989
Gillett,158,https://schools.wiaawi.org/Directory/Schedule/Index?TeamID=66990
Gilman,97,https://schools.wiaawi.org/Directory/Schedule/Index?TeamID=66991
Gilmanton,39,https://schools.wiaawi.org/Directory/Schedule/Index?TeamID=66992
Granton,62,https://schools.wiaawi.org/Directory/Schedule/Index?TeamID=66993
Greenwood,112,https://schools.wiaawi.org/Directory/Schedule/Index?TeamID=66994
Gresham,82,https://schools.wiaawi.org/Directory/Schedule/Index?TeamID=66995
Heritage Christian,196,https://schools.wiaawi.org/Directory/Schedule/Index?TeamID=66996
Highland,105,https://schools.wiaawi.org/Directory/Schedule/Index?TeamID=66997
Hilbert,141,https://schools.wiaawi.org/Directory/Schedule/Index?TeamID=66998
Hillsboro,163,https://schools.wiaawi.org/Directory/Schedule/Index?TeamID=66999
Hurley,192,https://schools.wiaawi.org/Directory/Schedule/Index?TeamID=67000
Hustisford,105,https://schools.wiaawi.org/Directory/Schedule/Index?TeamID=67001
Independence/Gilmanton,182,https://schools.wiaawi.org/Directory/Schedule/Index?TeamID=67002
Ithaca,133,https://schools.wiaawi.org/Directory/Schedule/Index?TeamID=67003
Johnson Creek,180,https://schools.wiaawi.org/Directory/Schedule/Index?TeamID=67004
Juda,96,https://schools.wiaawi.org/Directory/Schedule/Index?TeamID=67005
Kickapoo,157,https://schools.wiaawi.org/Directory/Schedule/Index?TeamID=67006
Lake Holcombe,90,https://schools.wiaawi.org/Directory/Schedule/Index?TeamID=67007
Lena,133,https://schools.wiaawi.org/Directory/Schedule/Index?TeamID=67008
Alma Center Lincoln,164,https://schools.wiaawi.org/Directory/Schedule/Index?TeamID=67009
Living Word Lutheran,232,https://schools.wiaawi.org/Directory/Schedule/Index?TeamID=67010
Loyal,163,https://schools.wiaawi.org/Directory/Schedule/Index?TeamID=67011
Luck,118,https://schools.wiaawi.org/Directory/Schedule/Index?TeamID=67012
Marion,134,https://schools.wiaawi.org/Directory/Schedule/Index?TeamID=67014
McDonell Catholic,206,https://schools.wiaawi.org/Directory/Schedule/Index?TeamID=67015
Mellen,81,https://schools.wiaawi.org/Directory/Schedule/Index?TeamID=67016
Mercer,41,https://schools.wiaawi.org/Directory/Schedule/Index?TeamID=67017
New Auburn,95,https://schools.wiaawi.org/Directory/Schedule/Index?TeamID=67019
New Lisbon,156,https://schools.wiaawi.org/Directory/Schedule/Index?TeamID=67020
Newman Catholic,128,https://schools.wiaawi.org/Directory/Schedule/Index?TeamID=67021
Niagara,136,https://schools.wiaawi.org/Directory/Schedule/Index?TeamID=67022
North Crawford,124,https://schools.wiaawi.org/Directory/Schedule/Index?TeamID=67023
Northland Lutheran,82,https://schools.wiaawi.org/Directory/Schedule/Index?TeamID=67024
Northwood,87,https://schools.wiaawi.org/Directory/Schedule/Index?TeamID=67025
Oakfield,158,https://schools.wiaawi.org/Directory/Schedule/Index?TeamID=67026
Oneida Nation,127,https://schools.wiaawi.org/Directory/Schedule/Index?TeamID=67027
Owen-Withee,126,https://schools.wiaawi.org/Directory/Schedule/Index?TeamID=67028
Argyle/Pecatonica,180,https://schools.wiaawi.org/Directory/Schedule/Index?TeamID=67029
Pittsville,168,https://schools.wiaawi.org/Directory/Schedule/Index?TeamID=67031
Port Edwards,133,https://schools.wiaawi.org/Directory/Schedule/Index?TeamID=67032
Prairie Farm,129,https://schools.wiaawi.org/Directory/Schedule/Index?TeamID=67033
Prentice,122,https://schools.wiaawi.org/Directory/Schedule/Index?TeamID=67034
Randolph,198,https://schools.wiaawi.org/Directory/Schedule/Index?TeamID=67035
Rib Lake,132,https://schools.wiaawi.org/Directory/Schedule/Index?TeamID=67036
Rio,111,https://schools.wiaawi.org/Directory/Schedule/Index?TeamID=67037
River Ridge,175,https://schools.wiaawi.org/Directory/Schedule/Index?TeamID=67038
Riverdale,202,https://schools.wiaawi.org/Directory/Schedule/Index?TeamID=67039
Rosholt,176,https://schools.wiaawi.org/Directory/Schedule/Index?TeamID=67040
Royall,154,https://schools.wiaawi.org/Directory/Schedule/Index?TeamID=67041
Salam,195,https://schools.wiaawi.org/Directory/Schedule/Index?TeamID=67042
Seneca,102,https://schools.wiaawi.org/Directory/Schedule/Index?TeamID=67043
Sevastopol,180,https://schools.wiaawi.org/Directory/Schedule/Index?TeamID=67044
Shell Lake,204,https://schools.wiaawi.org/Directory/Schedule/Index?TeamID=67045
Shullsburg,104,https://schools.wiaawi.org/Directory/Schedule/Index?TeamID=67046
Siren,145,https://schools.wiaawi.org/Directory/Schedule/Index?TeamID=67047
Solon Springs,81,https://schools.wiaawi.org/Directory/Schedule/Index?TeamID=67048
South Shore,63,https://schools.wiaawi.org/Directory/Schedule/Index?TeamID=67049
Southwestern,162,https://schools.wiaawi.org/Directory/Schedule/Index?TeamID=67050
Stockbridge,54,https://schools.wiaawi.org/Directory/Schedule/Index?TeamID=67051
Suring,117,https://schools.wiaawi.org/Directory/Schedule/Index?TeamID=67052
Thorp,170,https://schools.wiaawi.org/Directory/Schedule/Index?TeamID=67053
Three Lakes/Phelps,183,https://schools.wiaawi.org/Directory/Schedule/Index?TeamID=67054
Tri-County,176,https://schools.wiaawi.org/Directory/Schedule/Index?TeamID=67056
Turtle Lake,129,https://schools.wiaawi.org/Directory/Schedule/Index?TeamID=67057
Wausaukee,126,https://schools.wiaawi.org/Directory/Schedule/Index?TeamID=67058
Wauzeka-Steuben,78,https://schools.wiaawi.org/Directory/Schedule/Index?TeamID=67059
Webster,201,https://schools.wiaawi.org/Directory/Schedule/Index?TeamID=67060
Wild Rose,153,https://schools.wiaawi.org/Directory/Schedule/Index?TeamID=67062
Williams Bay,212,https://schools.wiaawi.org/Directory/Schedule/Index?TeamID=67063
Winter,86,https://schools.wiaawi.org/Directory/Schedule/Index?TeamID=67064
Wonewoc-Center,115,https://schools.wiaawi.org/Directory/Schedule/Index?TeamID=67065
White Lake,43,https://schools.wiaawi.org/Directory/Schedule/Index?TeamID=71826
Cristo Rey Jesuit,452,https://schools.wiaawi.org/Directory/Schedule/Index?TeamID=71829
Milwaukee Bay View,966,https://schools.wiaawi.org/Directory/Schedule/Index?TeamID=72031
Washington Island,19,https://schools.wiaawi.org/Directory/Schedule/Index?TeamID=72095
Lac Courte Oreilles,105,https://schools.wiaawi.org/Directory/Schedule/Index?TeamID=72178
St. Augustine Prep,624,https://schools.wiaawi.org/Directory/Schedule/Index?TeamID=72266
Eastbrook Academy,81,https://schools.wiaawi.org/Directory/Schedule/Index?TeamID=72299
Sheboygan Christian,131,https://schools.wiaawi.org/Directory/Schedule/Index?TeamID=72344
Chesterton Academy,101,https://schools.wiaawi.org/Directory/Schedule/Index?TeamID=72534
Sun Prairie West,1347,https://schools.wiaawi.org/Directory/Schedule/Index?TeamID=72590
Elkhart Lake-Glenbeulah,148,https://schools.wiaawi.org/Directory/Schedule/Index?TeamID=66984
Green Bay West,945,https://schools.wiaawi.org/Directory/Schedule/Index?TeamID=66701
Sheboygan Lutheran,206,https://schools.wiaawi.org/Directory/Schedule/Index?TeamID=72343
Madison La Follette,1577,https://schools.wiaawi.org/Directory/Schedule/Index?TeamID=66650
Wittenberg-Birnamwood,336,https://schools.wiaawi.org/Directory/Schedule/Index?TeamID=66954
Tigerton,75,https://schools.wiaawi.org/Directory/Schedule/Index?TeamID=67055
Waukesha North/Waukesha South,2197,https://schools.wiaawi.org/Directory/Schedule/Index?TeamID=66757
Gale-Ettrick-Trempealeau,400,https://schools.wiaawi.org/Directory/Schedule/Index?TeamID=66803
Cochrane-Fountain City,175,https://schools.wiaawi.org/Directory/Schedule/Index?TeamID=66879
Eau Claire Immanuel Lutheran,96,https://schools.wiaawi.org/Directory/Schedule/Index?TeamID=66981
Alma/Pepin,149,https://schools.wiaawi.org/Directory/Schedule/Index?TeamID=81745
Durand-Arkansaw,307,https://schools.wiaawi.org/Directory/Schedule/Index?TeamID=66891
Valley Christian (Oshkosh),144,https://schools.wiaawi.org/Directory/Schedule/Index?TeamID=82435
Goodman/Pembine,98,https://schools.wiaawi.org/Directory/Schedule/Index?TeamID=82833
Hmong American Peace,465,https://schools.wiaawi.org/Directory/Schedule/Index?TeamID=83809
Milwaukee Marshall,811,https://schools.wiaawi.org/Directory/Schedule/Index?TeamID=86340
Young Coggs,203,https://schools.wiaawi.org/Directory/Schedule/Index?TeamID=86578
Plum City/Elmwood,178,https://schools.wiaawi.org/Directory/Schedule/Index?TeamID=58580
Kettle Moraine Lutheran,553,https://schools.wiaawi.org/Directory/Schedule/Index?TeamID=66805
Divine Savior Holy Angels,1344,https://schools.wiaawi.org/Directory/Schedule/Index?TeamID=66629
Milwaukee Academy of Science,395,https://schools.wiaawi.org/Directory/Schedule/Index?TeamID=67018
Phelps,28,https://schools.wiaawi.org/Directory/Schedule/Index?TeamID=67030
Valley Christian School (Osceola),27,https://schools.wiaawi.org/Directory/Schedule/Index?TeamID=113243
Faith Christian (Wms Bay),62,https://schools.wiaawi.org/Directory/Schedule/Index?TeamID=66985
Saint Joan Antida/Tenor/Veritas,1143,https://schools.wiaawi.org/Directory/Schedule/Index?TeamID=60651
University Lake School Co-op,197,https://schools.wiaawi.org/Directory/Schedule/Index?TeamID=61598
Saint Thomas Aquinas,38,https://schools.wiaawi.org/Directory/Schedule/Index?TeamID=71818
Kenosha St. Joseph Catholic,229,https://schools.wiaawi.org/Directory/Schedule/Index?TeamID=66904
Racine St. Catherines,472,https://schools.wiaawi.org/Directory/Schedule/Index?TeamID=66835
Watertown Luther Prep,407,https://schools.wiaawi.org/Directory/Schedule/Index?TeamID=66853
Lake Country Lutheran,335,https://schools.wiaawi.org/Directory/Schedule/Index?TeamID=66908
Kenosha Christian Life,202,https://schools.wiaawi.org/Directory/Schedule/Index?TeamID=66903
University School of Milwaukee,406,https://schools.wiaawi.org/Directory/Schedule/Index?TeamID=66850
Milwaukee Bradley Tech/Milwaukee Arts,1977,https://schools.wiaawi.org/Directory/Schedule/Index?TeamID=86349
Milwaukee Pulaski/Carmen South/Carmen Southeast,2024,https://schools.wiaawi.org/Directory/Schedule/Index?TeamID=86348
Milwaukee School of Languages,596,https://schools.wiaawi.org/Directory/Schedule/Index?TeamID=66817
Milwaukee Washington/Fuller Collegiate,777,https://schools.wiaawi.org/Directory/Schedule/Index?TeamID=60771
Milwaukee Riverside,1235,https://schools.wiaawi.org/Directory/Schedule/Index?TeamID=66658
Milwaukee Reagan,1366,https://schools.wiaawi.org/Directory/Schedule/Index?TeamID=66659
Milwaukee Hamilton/Audubon,1895,https://schools.wiaawi.org/Directory/Schedule/Index?TeamID=60773
Milwaukee North,382,https://schools.wiaawi.org/Directory/Schedule/Index?TeamID=66722
West Bend East,948,https://schools.wiaawi.org/Directory/Schedule/Index?TeamID=66763
Wabeno/Laona,165,https://schools.wiaawi.org/Directory/Schedule/Index?TeamID=60070
Green Bay N.E.W. Lutheran/Providence Academy (Green Bay),180,https://schools.wiaawi.org/Directory/Schedule/Index?TeamID=84024
La Farge/Youth Initiative,140,https://schools.wiaawi.org/Directory/Schedule/Index?TeamID=60743
Weston,84,https://schools.wiaawi.org/Directory/Schedule/Index?TeamID=67061
Potosi/Cassville,164,https://schools.wiaawi.org/Directory/Schedule/Index?TeamID=60560
Lourdes Acad.,178,https://schools.wiaawi.org/Directory/Schedule/Index?TeamID=66910
Abundant Life Christian/St. Ambrose,211,https://schools.wiaawi.org/Directory/Schedule/Index?TeamID=60193
Madison Country Day,108,https://schools.wiaawi.org/Directory/Schedule/Index?TeamID=67013
Princeton/Green Lake,210,https://schools.wiaawi.org/Directory/Schedule/Index?TeamID=60015
Winnebago Lutheran,319,https://schools.wiaawi.org/Directory/Schedule/Index?TeamID=66952
Wisconsin Rapids Lincoln,1467,https://schools.wiaawi.org/Directory/Schedule/Index?TeamID=66684
D.C. Everest,1824,https://schools.wiaawi.org/Directory/Schedule/Index?TeamID=66627
New Berlin Eisenhower,711,https://schools.wiaawi.org/Directory/Schedule/Index?TeamID=66727